{
    "$schema": "https://schema.management.azure.com/schemas/2019-08-01/managementGroupDeploymentTemplate.json#",
    "contentVersion": "1.0.0.0",
    "parameters": {
        "topLevelManagementGroupPrefix": {
            "type": "string",
            "metadata": {
                "description": "Provide the ESLZ company prefix to the intermediate root management group containing the policy definitions."
            }
        },
        "enforcementMode": {
            "type": "string",
            "allowedValues": [
                "Default",
                "DoNotEnforce"
            ],
            "defaultValue": "Default"
        }
    },
    "variables": {
        "policyDefinitions": {
            "denyPublicEndpoint": "[concat('/providers/Microsoft.Management/managementGroups/', parameters('topLevelManagementGroupPrefix'), '/providers/Microsoft.Authorization/policySetDefinitions/Deny-PublicPaaSEndpoints')]"
        },
        "policyAssignmentNames": {
            "denyPublicEndpoint": "Deny-Public-Endpoints",
            "displayName": "Public network access should be disabled for PaaS services",
            "description": "This policy initiative is a group of policies that prevents creation of Azure PaaS services with exposed public endpoints"
        }
    },
    "resources": [
        {
            "type": "Microsoft.Authorization/policyAssignments",
            "apiVersion": "2019-09-01",
            "name": "[variables('policyAssignmentNames').denyPublicEndpoint]",
            "location": "[deployment().location]",
            "properties": {
                "description": "[variables('policyAssignmentNames').description]",
                "displayName": "[variables('policyAssignmentNames').displayName]",
                "policyDefinitionId": "[variables('policyDefinitions').denyPublicEndpoint]",
                "enforcementMode": "[parameters('enforcementMode')]",
                "parameters": {}
            }
        }
    ],
    "outputs": {}
}