{
    "$schema": "https://schema.management.azure.com/schemas/2019-04-01/deploymentTemplate.json#",
    "contentVersion": "1.0.0.0",
    "parameters": {
        "privateDnsZoneName": {
            "type": "string",
            "metadata": {
                "description": "Provide the dns zone name."
            }
        },
        "connectivityHubResourceId": {
            "type": "string"
        }
    },
    "resources": [
        {
            "type": "Microsoft.Network/privateDnsZones",
            "apiVersion": "2020-06-01",
            "name": "[parameters('privateDnsZoneName')]",
            "location": "global",
            "properties": {
                "maxNumberOfRecordSets": 25000,
                "maxNumberOfVirtualNetworkLinks": 1000,
                "maxNumberOfVirtualNetworkLinksWithRegistration": 100
            },
            "resources": [
                {
                    "type": "virtualNetworkLinks",
                    "apiVersion": "2020-06-01",
                    "name": "[concat('linkingOf', parameters('privateDnsZoneName'))]",
                    "location": "global",
                    "dependsOn": [
                        "[resourceId('Microsoft.Network/privateDnsZones', parameters('privateDnsZoneName'))]"
                    ],
                    "properties": {
                        "registrationEnabled": false,
                        "virtualNetwork": {
                            "id": "[parameters('connectivityHubResourceId')]"
                        }
                    }
                }
            ]
        }
    ]
}