{
    "$schema": "https://schema.management.azure.com/schemas/2019-08-01/tenantDeploymentTemplate.json#",
    "contentVersion": "1.0.0.0",
    "parameters": {
        "topLevelManagementGroupPrefix": {
            "type": "string",
            "metadata": {
                "description": "Provide the ESLZ company prefix to the intermediate root management group containing the policy definitions."
            }
        },
        "enforcementMode": {
            "type": "string",
            "allowedValues": [
                "Default",
                "DoNotEnforce"
            ],
            "defaultValue": "Default"
        }
    },
    "variables": {
        "policyDefinitions": {
            "denyRdp": "[concat('/providers/Microsoft.Management/managementGroups/', parameters('topLevelManagementGroupPrefix'), '/providers/Microsoft.Authorization/policyDefinitions/Deny-RDP-From-Internet')]"
            },
        "policyAssignmentNames": {
            "denyRdp": "Deny-RDP-from-internet",
            "description": "This policy denies any network security rule that allows RDP access from Internet",
            "displayName": "RDP access from the Internet should be blocked"
        }
    },
    "resources": [
        {
            "type": "Microsoft.Authorization/policyAssignments",
            "apiVersion": "2019-09-01",
            "name": "[variables('policyAssignmentNames').denyRdp]",
            "properties": {
                "description": "[variables('policyAssignmentNames').description]",
                "displayName": "[variables('policyAssignmentNames').displayName]",
                "policyDefinitionId": "[variables('policyDefinitions').denyRdp]",
                "enforcementMode": "[parameters('enforcementMode')]"
            }
        }
    ],
    "outputs": {}
}