{
    "$schema": "https://schema.management.azure.com/schemas/2019-08-01/managementGroupDeploymentTemplate.json#",
    "contentVersion": "1.0.0.0",
    "parameters": {
        "topLevelManagementGroupPrefix": {
            "type": "string",
            "maxLength": 10,
            "metadata": {
                "description": "Provide a prefix (max 10 characters, unique at tenant-scope) for the Management Group hierarchy and other resources created as part of Enterprise-scale."
            }
        },
        "logAnalyticsResourceId": {
            "type": "string",
            "metadata": {
                "description": "Provide the resourceId to the central Log Analytics workspace"
            }
        },
        "enforcementMode": {
            "type": "string",
            "allowedValues": [
                "Default",
                "DoNotEnforce"
            ],
            "defaultValue": "Default"
        }
    },
    "variables": {
        "policyDefinitions": {
            "vmMonitoring": "/providers/Microsoft.Authorization/policySetDefinitions/55f3eceb-5573-4f18-9695-226972c6d74a"
            },
        "policyAssignmentNames": {
            "vmMonitoring": "Deploy-VM-Monitoring",
            "description": "Enable Azure Monitor for the virtual machines (VMs) in the specified scope (management group, subscription or resource group). Takes Log Analytics workspace as parameter.",
            "displayName": "Enable Azure Monitor for VMs"
            },
        "rbacOwner": "8e3af657-a8ff-443c-a75c-2fe8c4bcb635",
        "roleAssignmentNames": {
            "deployVmMonitoring": "[guid(concat(parameters('topLevelManagementGroupPrefix'),variables('policyAssignmentNames').vmMonitoring))]"
            }
        },
    "resources": [
        {
            "type": "Microsoft.Authorization/policyAssignments",
            "apiVersion": "2019-09-01",
            "name": "[variables('policyAssignmentNames').vmMonitoring]",
            "location": "[deployment().location]",
            "identity": {
                "type": "SystemAssigned"
            },
            "properties": {
                "description": "[variables('policyAssignmentNames').description]",
                "displayName": "[variables('policyAssignmentNames').displayName]",
                "policyDefinitionId": "[variables('policyDefinitions').vmMonitoring]",
                "enforcementMode": "[parameters('enforcementMode')]",
                "parameters": {
                    "logAnalytics_1": {
                        "value": "[parameters('logAnalyticsResourceId')]"
                    }
                }
            }
        },
        {
            "type": "Microsoft.Authorization/roleAssignments",
            "apiVersion": "2019-04-01-preview",
            "name": "[variables('roleAssignmentNames').deployVmMonitoring]",
            "dependsOn": [
                "[variables('policyAssignmentNames').vmMonitoring]"
            ],
            "properties": {
                "principalType": "ServicePrincipal",
                "roleDefinitionId": "[concat('/providers/Microsoft.Authorization/roleDefinitions/', variables('rbacOwner'))]",
                "principalId": "[toLower(reference(concat('/providers/Microsoft.Authorization/policyAssignments/', variables('policyAssignmentNames').vmMonitoring), '2019-09-01', 'Full' ).identity.principalId)]"
            }
        }
    ],
    "outputs": {}
}
     