{
    "$schema": "https://schema.management.azure.com/schemas/2019-08-01/managementGroupDeploymentTemplate.json#",
    "contentVersion": "1.0.0.0",
    "parameters": {
        "topLevelManagementGroupPrefix": {
            "type": "string",
            "metadata": {
                "description": "Provide the ESLZ company prefix to the intermediate root management group containing the policy definitions."
            }
        },
        "logAnalyticsResourceId": {
            "type": "string",
            "metadata": {
                "description": "Provide the resourceId for the central Log Analytics workspace."
            }
        },
        "enforcementMode": {
            "type": "string",
            "allowedValues": [
                "Default",
                "DoNotEnforce"
            ],
            "defaultValue": "Default"
        }
    },
    "variables": {
        "policyDefinitions": {
            "deployAzureActivityLog": "/providers/Microsoft.Authorization/policyDefinitions/2465583e-4e78-4c15-b6be-a36cbc7c8b0f"
        },
        "policyAssignmentNames": {
            "azureActivityLog": "Deploy-AzActivity-Log",
            "description": "Deploys the diagnostic settings for Azure Activity to stream subscriptions audit logs to a Log Analytics workspace to monitor subscription-level events",
            "displayName": "Configure Azure Activity logs to stream to specified Log Analytics workspace"
        },
        "rbacOwner": "8e3af657-a8ff-443c-a75c-2fe8c4bcb635",
        "roleAssignmentNames": {
            "deployAzureActivityLog": "[guid(concat(parameters('topLevelManagementGroupPrefix'),variables('policyAssignmentNames').azureActivityLog))]"
        }
    },
    "resources": [
        {
            "type": "Microsoft.Authorization/policyAssignments",
            "apiVersion": "2019-09-01",
            "name": "[variables('policyAssignmentNames').azureActivityLog]",
            "location": "[deployment().location]",
            "identity": {
                "type": "SystemAssigned"
            },
            "properties": {
                "description": "[variables('policyAssignmentNames').description]",
                "displayName": "[variables('policyAssignmentNames').displayName]",
                "policyDefinitionId": "[variables('policyDefinitions').deployAzureActivityLog]",
                "enforcementMode": "[parameters('enforcementMode')]",
                "parameters": {
                    "logAnalytics": {
                        "value": "[parameters('logAnalyticsResourceId')]"
                    },
                    "logsEnabled": {
                        "value": "True"
                    }
                }
            }
        },
        {
            "type": "Microsoft.Authorization/roleAssignments",
            "apiVersion": "2019-04-01-preview",
            "name": "[variables('roleAssignmentNames').deployAzureActivityLog]",
            "dependsOn": [
                "[variables('policyAssignmentNames').azureActivityLog]"
            ],
            "properties": {
                "principalType": "ServicePrincipal",
                "roleDefinitionId": "[concat('/providers/Microsoft.Authorization/roleDefinitions/', variables('rbacOwner'))]",
                "principalId": "[toLower(reference(concat('/providers/Microsoft.Authorization/policyAssignments/', variables('policyAssignmentNames').azureActivityLog), '2019-09-01', 'Full' ).identity.principalId)]"
            }
        }
    ],
    "outputs": {}
}