{
    "$schema": "https://schema.management.azure.com/schemas/2019-08-01/managementGroupDeploymentTemplate.json#",
    "contentVersion": "1.0.0.0",
    "parameters": {
        "topLevelManagementGroupPrefix": {
            "type": "string",
            "metadata": {
                "description": "Provide the ESLZ prefix to your intermediate root management group containing the policy definitions."
            }
        },
        "logAnalyticsResourceId": {
            "type": "string",
            "metadata": {
                "description": "Provide the resourceId to the central Log Analytics workspace."
            }
        },
        "enforcementMode": {
            "type": "string",
            "allowedValues": [
                "Default",
                "DoNotEnforce"
            ],
            "defaultValue": "Default"
        }
    },
    "variables": {
        "policyDefinitions": {
            "deployResourceDiagnostics": "[concat('/providers/Microsoft.Management/managementGroups/', parameters('topLevelManagementGroupPrefix'), '/providers/Microsoft.Authorization/policySetDefinitions/Deploy-Diagnostics-LogAnalytics')]"
            },
        "policyAssignmentNames": {
            "resourceDiagnostics": "Deploy-Resource-Diag",
            "description": "This policy set deploys the configurations of application Azure resources to forward diagnostic logs and metrics to an Azure Log Analytics workspace. See the list of policies of the services that are included",
            "displayName": "Deploy Diagnostic Settings to Azure Services"
            },
        "rbacOwner": "8e3af657-a8ff-443c-a75c-2fe8c4bcb635",
        "roleAssignmentNames": {
            "deployResourceRiagnostics": "[guid(concat(parameters('topLevelManagementGroupPrefix'), variables('policyAssignmentNames').resourceDiagnostics))]"
            }
        },
    "resources": [
        {
            "type": "Microsoft.Authorization/policyAssignments",
            "apiVersion": "2019-09-01",
            "name": "[variables('policyAssignmentNames').resourceDiagnostics]",
            "location": "[deployment().location]",
            "identity": {
                "type": "SystemAssigned"
            },
            "properties": {
                "description": "[variables('policyAssignmentNames').description]",
                "displayName": "[variables('policyAssignmentNames').displayName]",
                "policyDefinitionId": "[variables('policyDefinitions').deployResourceDiagnostics]",
                "enforcementMode": "[parameters('enforcementMode')]",
                "parameters": {
                    "logAnalytics": {
                        "value": "[parameters('logAnalyticsResourceId')]"
                    }
                }
            }
        },
        {
            "type": "Microsoft.Authorization/roleAssignments",
            "apiVersion": "2019-04-01-preview",
            "name": "[variables('roleAssignmentNames').deployResourceRiagnostics]",
            "dependsOn": [
                "[variables('policyAssignmentNames').resourceDiagnostics]"
            ],
            "properties": {
                "principalType": "ServicePrincipal",
                "roleDefinitionId": "[concat('/providers/Microsoft.Authorization/roleDefinitions/', variables('rbacOwner'))]",
                "principalId": "[toLower(reference(concat('/providers/Microsoft.Authorization/policyAssignments/', variables('policyAssignmentNames').resourceDiagnostics), '2019-09-01', 'Full' ).identity.principalId)]"
            }
        }
    ],
    "outputs": {}
}