{
    "$schema": "https://schema.management.azure.com/schemas/2019-08-01/managementGroupDeploymentTemplate.json#",
    "contentVersion": "1.0.0.0",
    "parameters": {
        "topLevelManagementGroupPrefix": {
            "type": "string",
            "metadata": {
                "description": "Provide the ESLZ company prefix to the intermediate root management group containing the policy definitions."
            }
        },
        "enforcementMode": {
            "type": "string",
            "allowedValues": [
                "Default",
                "DoNotEnforce"
            ],
            "defaultValue": "Default"
        },
        "logAnalyticsResourceId": {
            "type": "string",
            "metadata": {
                "description": "Provide the resourceId to the central Log Analytics workspace."
            }
        },
        "emailContactAsc": {
            "type": "string",
            "metadata": {
                "description": "Provide the email address to the ASC security contact."
            }
        },
        "enableAscForServers": {
            "type": "string",
            "allowedValues": [
                "Disabled",
                "DeployIfNotExists"
            ],
            "defaultValue": "Disabled"            
        },
        "enableAscForSql": {
            "type": "string",
            "allowedValues": [
                "Disabled",
                "DeployIfNotExists"
            ],
            "defaultValue": "Disabled"            
        },
        "enableAscForAppServices": {
            "type": "string",
            "allowedValues": [
                "Disabled",
                "DeployIfNotExists"
            ],
            "defaultValue": "Disabled"            
        },
        "enableAscForStorage": {
            "type": "string",
             "allowedValues": [
                "Disabled",
                "DeployIfNotExists"
            ],
            "defaultValue": "Disabled"            
        },
        "enableAscForRegistries": {
            "type": "string",
            "allowedValues": [
                "Disabled",
                "DeployIfNotExists"
            ],
            "defaultValue": "Disabled"            
        },
        "enableAscForKeyVault": {
            "type": "string",
            "allowedValues": [
                "Disabled",
                "DeployIfNotExists"
            ],
            "defaultValue": "Disabled"            
        },
        "enableAscForSqlOnVm": {
            "type": "string",
            "allowedValues": [
                "Disabled",
                "DeployIfNotExists"
            ],
            "defaultValue": "Disabled"            
        },
        "enableAscForKubernetes": {
            "type": "string",
            "allowedValues": [
                "Disabled",
                "DeployIfNotExists"
            ],
            "defaultValue": "Disabled"            
        },
        "enableAscForArm": {
            "type": "string",
            "allowedValues": [
                "Disabled",
                "DeployIfNotExists"
            ],
            "defaultValue": "Disabled"            
        },
        "enableAscForDns": {
            "type": "string",
            "allowedValues": [
                "Disabled",
                "DeployIfNotExists"
            ],
            "defaultValue": "Disabled"            
        },
        "enableAscForOssDb": {
            "type": "string",  
            "allowedValues": [
                "Disabled",
                "DeployIfNotExists"
            ],
            "defaultValue": "Disabled"
        }
    },
    "variables": {
        "policyDefinitions": {
            "deployAzureSecurity": "[concat('/providers/Microsoft.Management/managementGroups/', parameters('topLevelManagementGroupPrefix'), '/providers/Microsoft.Authorization/policySetDefinitions/Deploy-ASCDF-Config')]"
        },
        "policyAssignmentNames": {
            "azureSecurity": "Deploy-ASCDF-Config",
            "description": "Deploy Microsoft Defender for Cloud and Security Contacts",
            "displayName": "Deploy Microsoft Defender for Cloud configuration"
        },
        "rbacOwner": "8e3af657-a8ff-443c-a75c-2fe8c4bcb635",
        "roleAssignmentNames": {
            "deployAzureSecurity": "[guid(concat(parameters('toplevelManagementGroupPrefix'),variables('policyAssignmentNames').azureSecurity))]"
        }
    },
    "resources": [
        {
            "type": "Microsoft.Authorization/policyAssignments",
            "apiVersion": "2019-09-01",
            "name": "[variables('policyAssignmentNames').azureSecurity]",
            "location": "[deployment().location]",
            "identity": {
                "type": "SystemAssigned"
            },
            "properties": {
                "description": "[variables('policyAssignmentNames').description]",
                "displayName": "[variables('policyAssignmentNames').displayName]",
                "policyDefinitionId": "[variables('policyDefinitions').deployAzureSecurity]",
                "enforcementMode": "[parameters('enforcementMode')]",
                "parameters": {
                    "emailSecurityContact": {
                        "value": "[parameters('emailContactAsc')]"
                    },
                    "logAnalytics": {
                        "value": "[parameters('logAnalyticsResourceId')]"
                    },
                    "ascExportResourceGroupName": {
                        "value": "[concat(parameters('topLevelManagementGroupPrefix'), '-MDFC-Export')]"
                    },
                    "ascExportResourceGroupLocation": {
                        "value": "[deployment().location]"
                    },
                    "enableAscForServers": {
                        "value": "[parameters('enableAscForServers')]"
                    },
                    "enableAscForSql": {
                        "value": "[parameters('enableAscForSql')]"
                    },
                    "enableAscForAppServices": {
                        "value": "[parameters('enableAscForAppServices')]"
                    },
                    "enableAscForStorage": {
                        "value": "[parameters('enableAscForStorage')]"
                    },
                    "enableAscForRegistries": {
                        "value": "[parameters('enableAscForRegistries')]"
                    },
                    "enableAscForKeyVault": {
                        "value": "[parameters('enableAscForKeyVault')]"
                    },
                    "enableAscForSqlOnVm": {
                        "value": "[parameters('enableAscForSqlOnVm')]"
                    },
                    "enableAscForKubernetes": {
                        "value": "[parameters('enableAscForKubernetes')]"
                    },
                    "enableAscForArm": {
                        "value": "[parameters('enableAscForArm')]"
                    },
                    "enableAscForDns": {
                        "value": "[parameters('enableAscForDns')]"
                    },
                    "enableAscForOssDb": {
                        "value": "[parameters('enableAscForOssDb')]"
                    }
                }
            }
        },
        {
            "type": "Microsoft.Authorization/roleAssignments",
            "apiVersion": "2019-04-01-preview",
            "name": "[variables('roleAssignmentNames').deployAzureSecurity]",
            "dependsOn": [
                "[variables('policyAssignmentNames').azureSecurity]"
            ],
            "properties": {
                "principalType": "ServicePrincipal",
                "roleDefinitionId": "[concat('/providers/Microsoft.Authorization/roleDefinitions/', variables('rbacOwner'))]",
                "principalId": "[toLower(reference(concat('/providers/Microsoft.Authorization/policyAssignments/', variables('policyAssignmentNames').azureSecurity), '2019-09-01', 'Full' ).identity.principalId)]"
            }
        }
        
    ],
    "outputs": {}
}