{
    "$schema": "https://schema.management.azure.com/schemas/2019-08-01/tenantDeploymentTemplate.json#",
    "contentVersion": "1.0.0.0",
    "parameters": {
        "topLevelManagementGroupPrefix": {
            "type": "string",
            "metadata": {
                "description": "Provide company prefix to the intermediate root management group containing the policy definitions. In MXDR case it could also be Root MG."
            }
        },
        "enforcementMode": {
            "type": "string",
            "allowedValues": [
                "Default",
                "DoNotEnforce"
            ],
            "defaultValue": "Default"
        },
        "retentionInDays": {
            "type": "string",
            "metadata": {
                "description": "Select retention days for the logs in Log Analytics. This string will be converted to Int during deployment."
            }
        },
        "logAnalyticsWorkspaceName": {
            "type": "string",
            "metadata": {
                "description": "Provide the name for the central Log Analytics workspace."
            }
        },
        "automationAccountName": {
            "type": "string",
            "metadata": {
                "description": "Provide the name for the Automation Account"
            }
        },
        "workspaceRegion": {
            "type": "string",
            "metadata": {
                "description": "Select the region for the Log Analytics workspace"
            }
        },
        "automationRegion": {
            "type": "string",
            "metadata": {
                "description": "Select the region for the Automation Account"
            }
        },
        "rgName": {
            "type": "string",
            "metadata": {
                "description": "Provide a name for the Resource Group to host Log Analytics and Azure Automation"
            }
        }
    },
    "variables": {
        "policyDefinitions": {
            "deployLogAnalytics": "/providers/Microsoft.Authorization/policyDefinitions/8e3e61b3-0b32-22d5-4edf-55f87fdb5955"
        },
        "policyAssignmentNames": {
            "logAnalytics": "Deploy-Log-Analytics",
            "description": "Deploy resource group containing Log Analytics workspace and linked automation account to centralize logs and monitoring. The automation account is aprerequisite for solutions like Updates and Change Tracking.",
            "displayName": "Configure Log Analytics workspace and automation account to centralize logs and monitoring"
        },
        "rbac": "b24988ac-6180-42a0-ab88-20f7382dd24c",
        "roleAssignmentNames": {
            "deployLogAnalytics": "[guid(concat(parameters('topLevelManagementGroupPrefix'), variables('policyAssignmentNames').logAnalytics))]"
        }
    },
    "resources": [
        {
            "type": "Microsoft.Authorization/policyAssignments",
            "apiVersion": "2019-09-01",
            "name": "[variables('policyAssignmentNames').loganalytics]",
            "location": "[deployment().location]",
            "identity": {
                "type": "SystemAssigned"
            },
            "properties": {
                "description": "[variables('policyAssignmentNames').description]",
                "displayName": "[variables('policyAssignmentNames').displayName]",
                "policyDefinitionId": "[variables('policyDefinitions').deployLogAnalytics]",
                "enforcementMode": "[parameters('enforcementMode')]",
                "parameters": {
                    "workspaceName": {
                        "value": "[parameters('logAnalyticsWorkspaceName')]"
                    },
                    "automationAccountName": {
                        "value": "[parameters('automationAccountName')]"
                    },
                    "workspaceRegion": {
                        "value": "[parameters('workspaceRegion')]"
                    },
                    "automationRegion": {
                        "value": "[parameters('automationRegion')]"
                    },
                    "rgName": {
                        "value": "[parameters('rgName')]"
                    },
                    "dataRetention": {
                        "value": "[parameters('retentionInDays')]"
                    }
                }
            }
        },
        {
            "type": "Microsoft.Authorization/roleAssignments",
            "apiVersion": "2019-04-01-preview",
            "name": "[variables('roleAssignmentNames').deployLogAnalytics]",
            "dependsOn": [
                "[variables('policyAssignmentNames').loganalytics]"
            ],
            "properties": {
                "principalType": "ServicePrincipal",
                "roleDefinitionId": "[concat('/providers/Microsoft.Authorization/roleDefinitions/', variables('rbac'))]",
                "principalId": "[toLower(reference(concat('/providers/Microsoft.Authorization/policyAssignments/', variables('policyAssignmentNames').loganalytics), '2019-09-01', 'Full' ).identity.principalId)]"
            }
        }
    ],
    "outputs": {}
}