{
    "$schema": "https://schema.management.azure.com/schemas/2019-08-01/managementGroupDeploymentTemplate.json#",
    "contentVersion": "1.0.0.0",
    "parameters": {
        "topLevelManagementGroupPrefix": {
            "type": "string",
            "metadata": {
                "description": "Provide the MXDR environment prefix to the intermediate root management group containing the policy definitions."
            }
        },
        "enforcementMode": {
            "type": "string",
            "allowedValues": [
                "Default",
                "DoNotEnforce"
            ],
            "defaultValue": "Default"
        }
    },
    "variables": {
        "policyDefinitions": {
            "denySubnetWithoutNsg": "[concat('/providers/Microsoft.Management/managementGroups/', parameters('topLevelManagementGroupPrefix'), '/providers/Microsoft.Authorization/policyDefinitions/Deny-Subnet-Without-Nsg')]"
         },
        "policyAssignmentNames": {
            "denySubnetWithoutNsg": "Deny-Subnet-Without-Nsg",
            "description": "This policy denies the creation of a subnet without a Network Security Group to protect traffic across subnets.",
            "displayName": "Subnets should have a Network Security Group"
         }
    },
    "resources": [
        {   
            "type": "Microsoft.Authorization/policyAssignments",
            "apiVersion": "2019-09-01",
            "name": "[variables('policyAssignmentNames').denySubnetWithoutNsg]",
            "properties": {
                "description": "[variables('policyAssignmentNames').description]",
                "displayName": "[variables('policyAssignmentNames').displayName]",
                "policyDefinitionId": "[variables('policyDefinitions').denySubnetWithoutNsg]",
                "enforcementMode": "[parameters('enforcementMode')]"
            }
        }        
    ],
    "outputs": {}
}