{
    "$schema": "https://schema.management.azure.com/schemas/2018-05-01/subscriptionDeploymentTemplate.json#",
    "contentVersion": "1.0.0.0",
    "parameters": {
      "rgName": {
        "type": "String"
      },
      "workspaceName": {
        "type": "String"
      },
      "workspaceRegion": {
        "type": "String"
      },
      "automationAccountName": {
        "type": "String"
      },
      "automationRegion": {
        "type": "String"
      },
      "retentionInDays": {
        "type": "String"
      }
    },
    "variables": {
        "deploymentName": "MSEE-LogAnalytics"
    },
    "resources": [
      {
        "type": "Microsoft.Resources/resourceGroups",
        "apiVersion": "2018-05-01",
        "name": "[parameters('rgName')]",
        "location": "[deployment().location]",
        "properties": {}
      },
      {
        "type": "Microsoft.Resources/deployments",
        "apiVersion": "2018-05-01",
        "name": "[variables('deploymentName')]",
        "resourceGroup": "[parameters('rgName')]",
        "dependsOn": [
          "[resourceId('Microsoft.Resources/resourceGroups/', parameters('rgName'))]"
        ],
        "properties": {
          "mode": "Incremental",
          "template": {
            "$schema": "http://schema.management.azure.com/schemas/2015-01-01/deploymentTemplate.json",
            "contentVersion": "1.0.0.0",
            "parameters": {},
            "variables": {},
            "resources": [
              {
                "apiVersion": "2015-10-31",
                "location": "[parameters('AutomationRegion')]",
                "name": "[parameters('AutomationAccountName')]",
                "type": "Microsoft.Automation/automationAccounts",
                "properties": {
                  "sku": {
                    "name": "Basic"
                  }
                }
              },
              {
                "apiVersion": "2020-08-01",
                "location": "[parameters('workspaceRegion')]",
                "name": "[parameters('workspaceName')]",
                "type": "Microsoft.OperationalInsights/workspaces",
                "properties": {
                  "sku": {
                    "name": "PerGB2018"
                  },
                  "enableLogAccessUsingOnlyResourcePermissions": true,
                  "retentionInDays": "[int(parameters('retentionInDays'))]"
                },
                "resources": [
                  {
                    "name": "Automation",
                    "type": "linkedServices",
                    "apiVersion": "2020-08-01",
                    "dependsOn": [
                      "[concat(subscription().id, '/resourceGroups/', parameters('rgName'), '/providers/Microsoft.Automation/automationAccounts/', parameters('AutomationAccountName'))]",
                      "[concat(subscription().id, '/resourceGroups/', parameters('rgName'), '/providers/Microsoft.OperationalInsights/workspaces/', parameters('workspaceName'))]"
                    ],
                    "properties": {
                      "resourceId": "[concat(subscription().id, '/resourceGroups/', parameters('rgName'), '/providers/Microsoft.Automation/automationAccounts/', parameters('AutomationAccountName'))]"
                    }
                  }
                ]
              }
            ],
            "outputs": {}
          }
        }
      }
    ],
    "outputs": {}
  }